{"episode reward": 8, "_timestamp": 1703155315.288176, "_runtime": 196.20031309127808, "_step": 500, "_wandb": {"runtime": 369}}